title,sentiment,future_looking
EUR/USD Forecast Today 27/12: Faces Resistance (Video) - DailyForex.com,neutral,True
EUR/USD: Faces Resistance Near 1.06 - Forex Factory,neutral,True
EUR/USD gains as US Dollar edges lower in holiday-curtailed week - FXStreet,positive,True
2025 EUR/USD Technical Outlook Preview - Forex Factory,neutral,True
2025 EUR/USD Outlook Fundamental Preview - Forex Factory,neutral,True
Euro FX EUR/USD Futures Overview - CME Group,neutral,False
EUR/USD Mid-Day Outlook - Action Forex,neutral,True
US Dollar Forecast: EUR/USD Attempts to Halt Five-Day Selloff - FOREX.com,neutral,True
"EUR/USD outlook: Forex Friday – December 13, 2024 - FOREX.com",neutral,True
Forex Seasonality – December 2024: Can EUR/USD and AUD/USD Rally? - FOREX.com,neutral,True
